id,subject,treatment,fov,cell_type,roi_num,branch,spine,eventrate_pre,eventrate_post,amplitude_pre,amplitude_post,frequency_pre,frequency_post
1,Pons-1,saline,FOV1,PT,1,1,NaN,1.531787085,1.11963958,1.459459459,1.217785844,1.049557817,0.919405974
1,Pons-1,saline,FOV1,PT,11,2,NaN,0.528950442,0.500584015,1.761111111,1.167315175,0.300350409,0.428833639
1,Pons-1,saline,FOV1,PT,20,3,NaN,0.91273152,0.966127148,1.989090909,1.094517958,0.45886868,0.882696479
1,Pons-1,saline,FOV1,PT,33,4,NaN,0.780911063,0.682462873,1.485714286,1.096514745,0.525613215,0.622392792
1,Pons-1,saline,FOV1,PT,44,5,NaN,0.805940264,0.79425997,1.235294118,1.211195929,0.652427832,0.655765059
1,Pons-1,saline,FOV1,PT,58,6,NaN,0.607375271,0.543967963,1.103030303,1.093959732,0.550642416,0.497246788
1,Pons-1,saline,FOV1,PT,80,7,NaN,1.002836643,0.727515435,1.469437653,1.191256831,0.682462873,0.610712498
1,Pons-1,saline,FOV1,PT,90,8,NaN,0.465543134,0.749207409,1.256756757,1.17847769,0.370432171,0.635741699
1,Pons-1,saline,FOV1,PT,99,9,NaN,0.735858502,1.067912565,1.332326284,1.319587629,0.55231103,0.80927749
1,Pons-1,saline,FOV1,PT,111,10,NaN,0.655765059,0.774236609,1.139130435,1.074074074,0.575671617,0.720840981
1,Pons-1,saline,FOV2,PT,1,1,NaN,2.51126314,2.089103955,1.621767241,1.492252682,1.548473219,1.399966628
1,Pons-1,saline,FOV2,PT,12,2,NaN,1.012848323,0.764224929,1.354910714,1.241192412,0.747538795,0.615718338
1,Pons-1,saline,FOV2,PT,24,3,NaN,1.635241115,1.173035208,2.063157895,1.502136752,0.792591357,0.780911063
1,Pons-1,saline,FOV2,PT,31,4,NaN,1.326547639,1.159686301,1.399647887,1.392785571,0.947772401,0.832638078
1,Pons-1,saline,FOV2,PT,37,5,NaN,0.46888036,0.273652595,1.426395939,1.378151261,0.328716836,0.198564992
1,Pons-1,saline,FOV2,PT,48,6,NaN,0.520607375,0.563991323,1.233201581,1.315175097,0.422159186,0.428833639
1,Pons-1,saline,FOV2,PT,58,7,NaN,0.423827799,0.273652595,1.302564103,1.138888889,0.32537961,0.240280327
1,Pons-1,saline,FOV2,PT,71,8,NaN,0.408810279,0.533956282,1.289473684,1.111111111,0.317036543,0.480560654
1,Pons-1,saline,FOV2,PT,83,9,NaN,0.403804439,0.553979643,1.07079646,1.031055901,0.377106624,0.537293509
1,Pons-1,saline,FOV2,PT,95,10,NaN,1.445019189,1.288169531,1.191196699,1.064827586,1.213081929,1.209744702
1,Pons-1,saline,FOV2,PT,104,11,NaN,0.822626397,0.602369431,1.36565097,1.275618375,0.602369431,0.472217587
1,Pons-1,saline,FOV2,PT,113,12,NaN,1.024528617,0.78424829,1.284518828,1.192893401,0.797597197,0.657433673
1,Pons-1,psilocybin,FOV1,PT,1,1,NaN,0.767562156,0.585683297,1.398176292,1.154605263,0.548973803,0.507258468
1,Pons-1,psilocybin,FOV1,PT,17,2,NaN,0.862673119,0.792591357,1.230952381,1.147342995,0.700817621,0.69080594
1,Pons-1,psilocybin,FOV1,PT,28,3,NaN,0.729184048,0.664108126,1.190735695,1.153623188,0.612381111,0.575671617
1,Pons-1,psilocybin,FOV1,PT,35,4,NaN,1.037877524,0.764224929,1.460093897,1.563139932,0.710829301,0.488903721
1,Pons-1,psilocybin,FOV1,PT,44,5,NaN,0.517270149,0.503921241,1.319148936,1.313043478,0.392124145,0.383781078
1,Pons-1,psilocybin,FOV1,PT,63,6,NaN,0.352077424,0.423827799,1.310559006,1.309278351,0.268646755,0.323710996
1,Pons-1,psilocybin,FOV1,PT,74,7,NaN,0.462205907,0.575671617,1.242152466,1.34765625,0.372100784,0.427165026
1,Pons-1,psilocybin,FOV1,PT,85,8,NaN,0.819289171,0.852661438,1.302387268,1.337696335,0.629067245,0.637410312
1,Pons-1,psilocybin,FOV1,PT,94,9,NaN,0.715835141,0.754213249,1.280597015,1.147208122,0.558985483,0.657433673
1,Pons-1,psilocybin,FOV1,PT,105,10,NaN,0.302019022,0.290338729,1.167741935,1.216783217,0.258635074,0.238611714
1,Pons-1,psilocybin,FOV2,PT,1,1,NaN,0.415484732,0.961121308,1.830882353,1.56097561,0.22693142,0.615718338
1,Pons-1,psilocybin,FOV2,PT,23,2,NaN,0.607375271,1.004505256,1.63963964,1.631436314,0.370432171,0.615718338
1,Pons-1,psilocybin,FOV2,PT,32,3,NaN,0.46387452,0.620724178,1.112,1.1625,0.417153346,0.533956282
1,Pons-1,psilocybin,FOV2,PT,41,4,NaN,0.265309528,0.550642416,1.62244898,1.683673469,0.163524111,0.327048223
1,Pons-1,psilocybin,FOV2,PT,53,5,NaN,0.462205907,0.69080594,1.427835052,1.580152672,0.323710996,0.437176706
1,Pons-1,psilocybin,FOV2,PT,66,6,NaN,0.56232271,0.423827799,1.31640625,1.118942731,0.427165026,0.378775238
1,Pons-1,psilocybin,FOV2,PT,83,7,NaN,0.442182546,0.433839479,1.11814346,1.052631579,0.395461372,0.412147505
1,Pons-1,psilocybin,FOV2,PT,92,8,NaN,0.543967963,0.45886868,1.293650794,1.25,0.420490572,0.367094944
1,Pons-1,psilocybin,FOV2,PT,99,9,NaN,0.423827799,0.624061405,1.263681592,1.285223368,0.33539129,0.485566494
1,Pons-1,psilocybin,FOV2,PT,114,10,NaN,1.004505256,1.009511096,1.471882641,1.287234043,0.682462873,0.78424829
1,Pons-1,psilocybin,FOV1,PT,1,1,NaN,0.755881862,0.817620557,1.495049505,1.498470948,0.505589855,0.545636576
1,Pons-1,psilocybin,FOV1,PT,23,2,NaN,0.507258468,0.483897881,1.567010309,1.435643564,0.323710996,0.337059903
1,Pons-1,psilocybin,FOV1,PT,35,3,NaN,0.762556316,0.543967963,1.428125,1.230188679,0.533956282,0.442182546
1,Pons-1,psilocybin,FOV1,PT,48,4,NaN,0.845986985,0.485566494,1.564814815,1.634831461,0.540630736,0.297013182
1,Pons-1,psilocybin,FOV1,PT,57,5,NaN,0.45886868,0.333722676,1.527777778,1.25,0.300350409,0.266978141
1,Pons-1,psilocybin,FOV1,PT,71,6,NaN,0.764224929,1.019522777,1.18961039,1.291754757,0.642416152,0.78925413
1,Pons-1,psilocybin,FOV1,PT,83,7,NaN,0.568997163,0.327048223,1.578703704,1.272727273,0.360420491,0.256966461
1,Pons-1,psilocybin,FOV1,PT,104,8,NaN,0.508927082,0.452194227,1.532663317,1.260465116,0.332054063,0.358751877
1,Pons-1,psilocybin,FOV1,PT,122,9,NaN,0.383781078,0.689137327,1.360946746,1.349673203,0.281995662,0.510595695
1,Pons-1,psilocybin,FOV1,PT,144,10,NaN,0.328716836,0.492240948,1.427536232,1.328828829,0.230268647,0.370432171
1,Pons-1,psilocybin,FOV2,PT,1,1,NaN,0.380443851,0.877690639,1.52,1.685897436,0.250292007,0.520607375
1,Pons-1,psilocybin,FOV2,PT,29,2,NaN,0.246954781,0.770899383,1.174603175,1.571428571,0.210245286,0.490572334
1,Pons-1,psilocybin,FOV2,PT,41,3,NaN,0.787585516,0.432170866,1.562913907,1.106837607,0.503921241,0.390455531
1,Pons-1,psilocybin,FOV2,PT,65,4,NaN,0.602369431,0.79926581,1.787128713,1.349295775,0.337059903,0.592357751
1,Pons-1,psilocybin,FOV2,PT,79,5,NaN,0.891039546,1.096278992,1.575221239,1.283203125,0.565659937,0.854330052
1,Pons-1,psilocybin,FOV2,PT,86,6,NaN,0.749207409,0.80927749,1.781746032,1.732142857,0.420490572,0.467211747
1,Pons-1,psilocybin,FOV2,PT,101,7,NaN,0.91273152,1.451693643,1.747603834,1.3964687,0.522275989,1.039546137
1,Pons-1,psilocybin,FOV2,PT,110,8,NaN,0.80927749,1.086267312,1.851145038,1.345041322,0.437176706,0.807608877
1,Pons-1,psilocybin,FOV2,PT,130,9,NaN,0.538962122,0.780911063,1.218867925,1.34870317,0.442182546,0.579008844
1,Pons-1,psilocybin,FOV2,PT,139,10,NaN,0.34540297,0.250292007,1.217647059,1.181102362,0.283664275,0.2119139
2,Pons-2,psilocybin,FOV1,PT,1,1,NaN,0.80927749,1.49007175,1.191646192,1.226648352,0.679125647,1.214750542
2,Pons-2,psilocybin,FOV1,PT,26,2,NaN,1.690305356,2.129150676,1.514200299,1.617237009,1.116302353,1.316535959
2,Pons-2,psilocybin,FOV1,PT,35,3,NaN,1.288169531,1.660270315,1.45112782,1.480654762,0.887702319,1.121308193
2,Pons-2,psilocybin,FOV1,PT,47,4,NaN,0.987819122,1.558484899,1.591397849,1.559265442,0.620724178,0.999499416
2,Pons-2,psilocybin,FOV1,PT,67,5,NaN,1.686968129,1.535124312,1.291187739,1.187096774,1.306524278,1.293175371
2,Pons-2,psilocybin,FOV1,PT,82,6,NaN,0.393792758,1.226430836,1.072727273,1.45256917,0.367094944,0.844318371
2,Pons-2,psilocybin,FOV1,PT,106,7,NaN,0.447188386,1.087935925,1.089430894,1.278431373,0.410478892,0.850992825
2,Pons-2,psilocybin,FOV1,PT,118,8,NaN,0.478892041,0.889370933,1.116731518,1.153679654,0.428833639,0.770899383
2,Pons-2,psilocybin,FOV1,PT,134,9,NaN,0.702486234,1.176372435,1.565055762,1.453608247,0.448857,0.80927749
2,Pons-2,psilocybin,FOV1,PT,146,10,NaN,1.60353746,2.105790088,1.593698176,1.641092328,1.00617387,1.283163691
2,Pons-2,psilocybin,FOV2,PT,1,1,NaN,1.241448356,1.46504255,1.227722772,1.304606241,1.01117971,1.122976806
2,Pons-2,psilocybin,FOV2,PT,17,2,NaN,1.778741866,2.399466044,1.507779349,1.561346363,1.179709661,1.536792925
2,Pons-2,psilocybin,FOV2,PT,40,3,NaN,0.981144669,1.571833806,1.069090909,1.192405063,0.91773736,1.318204572
2,Pons-2,psilocybin,FOV2,PT,56,4,NaN,0.390455531,0.839312531,1.29281768,1.309895833,0.302019022,0.640747539
2,Pons-2,psilocybin,FOV2,PT,83,5,NaN,0.954446855,1.576839646,1.419354839,1.412556054,0.672451193,1.116302353
2,Pons-2,psilocybin,FOV2,PT,102,6,NaN,1.573502419,1.822125813,1.360750361,1.331707317,1.156349074,1.368262973
2,Pons-2,psilocybin,FOV2,PT,112,7,NaN,1.505089271,1.708660103,1.528813559,1.510324484,0.984481896,1.131319873
2,Pons-2,psilocybin,FOV2,PT,131,8,NaN,0.624061405,1.331553479,1.161490683,1.46961326,0.537293509,0.906057067
2,Pons-2,psilocybin,FOV2,PT,149,9,NaN,1.004505256,1.438344736,1.436754177,1.429519071,0.699149007,1.00617387
2,Pons-2,psilocybin,FOV2,PT,168,10,NaN,1.890538962,1.837143334,1.498677249,1.281722934,1.261471717,1.433338895
2,Pons-2,saline,FOV1,PT,1,1,NaN,1.163023527,1.019522777,1.464285714,1.363839286,0.79425997,0.747538795
2,Pons-2,saline,FOV1,PT,17,2,NaN,1.219756382,1.061238111,1.476767677,1.517899761,0.825963624,0.699149007
2,Pons-2,saline,FOV1,PT,32,3,NaN,0.800934423,1.218087769,1.170731707,1.216666667,0.684131487,1.001168029
2,Pons-2,saline,FOV1,PT,44,4,NaN,1.418321375,1.36158852,1.75257732,1.888888889,0.80927749,0.720840981
2,Pons-2,saline,FOV1,PT,59,5,NaN,1.568496579,1.346570999,1.601362862,1.545977011,0.979476055,0.871016186
2,Pons-2,saline,FOV1,PT,72,6,NaN,0.312030702,0.403804439,1.038888889,1.146919431,0.300350409,0.352077424
2,Pons-2,saline,FOV1,PT,88,7,NaN,0.156849658,0.302019022,1.02173913,1.13836478,0.153512431,0.265309528
2,Pons-2,saline,FOV1,PT,105,8,NaN,0.996162189,1.311530118,1.28111588,1.418772563,0.777573836,0.924411814
2,Pons-2,saline,FOV1,PT,118,9,NaN,0.478892041,0.610712498,1.559782609,1.340659341,0.307024862,0.455531453
2,Pons-2,saline,FOV1,PT,129,10,NaN,0.659102286,0.800934423,1.410714286,1.375358166,0.467211747,0.58234607
2,Pons-2,saline,FOV2,PT,1,1,NaN,1.052895044,1.388286334,1.450574713,1.424657534,0.725846821,0.974470215
2,Pons-2,saline,FOV2,PT,22,2,NaN,0.924411814,1.616886367,1.596541787,1.784530387,0.579008844,0.906057067
2,Pons-2,saline,FOV2,PT,44,3,NaN,1.067912565,1.344902386,1.295546559,1.334437086,0.824295011,1.007842483
2,Pons-2,saline,FOV2,PT,57,4,NaN,0.830969464,0.740864342,1.513677812,1.36196319,0.548973803,0.543967963
2,Pons-2,saline,FOV2,PT,67,5,NaN,1.424995828,1.393292174,1.440134907,1.398659966,0.989487736,0.996162189
2,Pons-2,saline,FOV2,PT,84,6,NaN,1.419989988,1.49007175,1.297256098,1.454397394,1.094610379,1.024528617
2,Pons-2,saline,FOV2,PT,100,7,NaN,1.017854163,1.117970966,1.778425656,1.475770925,0.57233439,0.757550476
2,Pons-2,saline,FOV2,PT,120,8,NaN,0.891039546,0.886033706,1.547826087,1.386422977,0.575671617,0.639078925
2,Pons-2,saline,FOV2,PT,145,9,NaN,0.625730018,0.764224929,1.164596273,1.195822454,0.537293509,0.639078925
2,Pons-2,saline,FOV2,PT,175,10,NaN,0.687468713,0.69080594,1.450704225,1.478571429,0.473886201,0.467211747
2,Pons-2,saline,FOV1,PT,1,1,NaN,1.391623561,1.208076089,1.373970346,1.42519685,1.012848323,0.847655598
2,Pons-2,saline,FOV1,PT,11,2,NaN,0.859335892,1.012848323,1.194895592,1.246406571,0.719172368,0.812614717
2,Pons-2,saline,FOV1,PT,21,3,NaN,0.597363591,0.528950442,1.387596899,1.331932773,0.430502253,0.397129985
2,Pons-2,saline,FOV1,PT,50,4,NaN,1.341565159,1.640246955,1.374358974,1.392351275,0.976138829,1.178041048
2,Pons-2,saline,FOV1,PT,68,5,NaN,1.828800267,1.59352578,1.548022599,1.489859594,1.181378275,1.069581178
2,Pons-2,saline,FOV1,PT,86,6,NaN,0.507258468,0.56232271,1.30472103,1.266917293,0.388786918,0.44385116
2,Pons-2,saline,FOV1,PT,110,7,NaN,1.11963958,1.430001669,1.738341969,1.654440154,0.644084766,0.864341732
2,Pons-2,saline,FOV1,PT,129,8,NaN,1.052895044,0.752544635,1.527845036,1.503333333,0.689137327,0.500584015
2,Pons-2,saline,FOV1,PT,138,9,NaN,0.490572334,0.754213249,1.245762712,1.280453258,0.393792758,0.589020524
2,Pons-2,saline,FOV1,PT,153,10,NaN,0.775905223,0.627398632,1.396396396,1.249169435,0.555648256,0.502252628
2,Pons-2,saline,FOV2,PT,1,1,NaN,1.104622059,1.416652762,1.282945736,1.259643917,0.861004505,1.12464542
2,Pons-2,saline,FOV2,PT,16,2,NaN,1.658601702,1.11963958,1.285899094,1.200357782,1.289838145,0.932754881
2,Pons-2,saline,FOV2,PT,26,3,NaN,1.685299516,1.343233773,1.5855573,1.419753086,1.062906725,0.946103788
2,Pons-2,saline,FOV2,PT,39,4,NaN,0.972801602,0.904388453,1.256465517,1.141052632,0.774236609,0.792591357
2,Pons-2,saline,FOV2,PT,47,5,NaN,1.308192892,1.00617387,1.781818182,1.515075377,0.734189888,0.664108126
2,Pons-2,saline,FOV2,PT,57,6,NaN,1.218087769,1.091273152,1.540084388,1.321212121,0.790922743,0.825963624
2,Pons-2,saline,FOV2,PT,65,7,NaN,1.131319873,0.842649758,1.403726708,1.199524941,0.805940264,0.702486234
2,Pons-2,saline,FOV2,PT,76,8,NaN,1.106290672,0.612381111,1.289883268,1.129230769,0.857667278,0.542299349
2,Pons-2,saline,FOV2,PT,88,9,NaN,0.952778241,0.942766561,1.674486804,1.448717949,0.568997163,0.650759219
2,Pons-2,saline,FOV2,PT,101,10,NaN,1.044551977,1.072918405,1.391111111,1.523696682,0.750876022,0.704154847
2,Pons-2,psilocybin,FOV1,PT,1,1,NaN,0.440513933,0.825963624,1.466666667,1.386554622,0.300350409,0.595694977
2,Pons-2,psilocybin,FOV1,PT,17,2,NaN,0.423827799,0.460537294,1.380434783,1.15,0.307024862,0.400467212
2,Pons-2,psilocybin,FOV1,PT,35,3,NaN,0.78424829,1.012848323,1.654929577,1.466183575,0.473886201,0.69080594
2,Pons-2,psilocybin,FOV1,PT,50,4,NaN,0.845986985,1.141331553,1.436260623,1.509933775,0.589020524,0.755881862
2,Pons-2,psilocybin,FOV1,PT,62,5,NaN,0.487235108,0.659102286,1.280701754,1.222910217,0.380443851,0.538962122
2,Pons-2,psilocybin,FOV1,PT,85,6,NaN,0.467211747,0.704154847,1.346153846,1.252225519,0.347071584,0.56232271
2,Pons-2,psilocybin,FOV1,PT,98,7,NaN,0.43884532,0.742532955,1.246445498,1.304985337,0.352077424,0.568997163
2,Pons-2,psilocybin,FOV1,PT,115,8,NaN,0.437176706,0.610712498,1.035573123,1.154574132,0.422159186,0.528950442
2,Pons-2,psilocybin,FOV1,PT,140,9,NaN,0.56732855,0.732521275,1.06918239,1.226256983,0.530619056,0.597363591
2,Pons-2,psilocybin,FOV1,PT,159,10,NaN,0.760887702,1.104622059,1.209549072,1.331991952,0.629067245,0.829300851
2,Pons-2,psilocybin,FOV2,PT,1,1,NaN,1.094610379,1.456699483,1.504587156,1.659695817,0.727515435,0.877690639
2,Pons-2,psilocybin,FOV2,PT,32,2,NaN,0.312030702,0.387118305,1.364963504,1.247311828,0.228600033,0.310362089
2,Pons-2,psilocybin,FOV2,PT,60,3,NaN,0.659102286,0.377106624,1.525096525,1.018018018,0.432170866,0.370432171
2,Pons-2,psilocybin,FOV2,PT,90,4,NaN,0.926080427,0.772567996,1.405063291,1.319088319,0.659102286,0.585683297
2,Pons-2,psilocybin,FOV2,PT,110,5,NaN,0.116802937,1.086267312,1.044776119,1.576271186,0.111797097,0.689137327
2,Pons-2,psilocybin,FOV2,PT,142,6,NaN,0.594026364,1.471717003,1.014245014,1.240506329,0.585683297,1.186384115
2,Pons-2,psilocybin,FOV2,PT,172,7,NaN,0.619055565,1.638578341,1.484,1.639398998,0.417153346,0.999499416
2,Pons-2,psilocybin,FOV2,PT,187,8,NaN,0.492240948,0.677457033,1.170634921,1.219219219,0.420490572,0.555648256
2,Pons-2,psilocybin,FOV2,PT,199,9,NaN,0.342065743,0.849324212,1.213017751,1.189252336,0.281995662,0.714166528
2,Pons-2,psilocybin,FOV2,PT,221,10,NaN,0.989487736,2.347739029,1.200404858,1.537704918,0.824295011,1.526781245
3,Pons2-1,saline,FOV1,PT,1,1,NaN,1.269814784,1.266477557,1.163608563,1.246305419,1.091273152,1.01618555
3,Pons2-1,saline,FOV1,PT,15,2,NaN,0.820957784,0.770899383,1.040169133,1.0523918,0.78925413,0.732521275
3,Pons2-1,saline,FOV1,PT,33,3,NaN,0.879359252,1.304855665,1.060362173,1.192073171,0.829300851,1.094610379
3,Pons2-1,saline,FOV1,PT,52,4,NaN,1.116302353,1.737026531,1.09492635,1.196551724,1.019522777,1.451693643
3,Pons2-1,saline,FOV1,PT,66,5,NaN,0.904388453,0.876022026,1.040307102,1.078028747,0.869347572,0.812614717
3,Pons2-1,saline,FOV1,PT,79,6,NaN,1.007842483,1.012848323,1.067137809,1.162835249,0.944435174,0.871016186
3,Pons2-1,saline,FOV1,PT,91,7,NaN,0.921074587,0.944435174,1.218543046,1.101167315,0.755881862,0.857667278
3,Pons2-1,saline,FOV1,PT,107,8,NaN,1.208076089,1.293175371,1.129485179,1.107142857,1.069581178,1.168029368
3,Pons2-1,saline,FOV1,PT,121,9,NaN,1.017854163,0.964458535,1.101083032,1.156,0.924411814,0.834306691
3,Pons2-1,saline,FOV1,PT,137,10,NaN,1.456699483,1.183046888,1.199175824,1.185618729,1.214750542,0.997830803
3,Pons2-1,saline,FOV2,PT,1,1,NaN,0.635741699,0.594026364,1.144144144,1.09202454,0.555648256,0.543967963
3,Pons2-1,saline,FOV2,PT,34,2,NaN,0.844318371,0.91273152,1.112087912,1.134854772,0.759219089,0.80427165
3,Pons2-1,saline,FOV2,PT,52,3,NaN,0.502252628,0.585683297,1.131578947,1.107255521,0.44385116,0.528950442
3,Pons2-1,saline,FOV2,PT,81,4,NaN,1.007842483,0.90271984,1.080500894,1.044401544,0.932754881,0.864341732
3,Pons2-1,saline,FOV2,PT,91,5,NaN,1.099616219,1.189721342,1.267307692,1.291666667,0.867678959,0.921074587
3,Pons2-1,saline,FOV2,PT,104,6,NaN,1.024528617,1.244785583,1.171755725,1.251677852,0.874353412,0.994493576
3,Pons2-1,saline,FOV2,PT,115,7,NaN,1.308192892,1.11963958,1.260450161,1.275665399,1.037877524,0.877690639
3,Pons2-1,saline,FOV2,PT,127,8,NaN,0.699149007,0.689137327,1.258258258,1.137741047,0.555648256,0.605706658
3,Pons2-1,saline,FOV2,PT,139,9,NaN,1.663607542,1.655264475,1.296488947,1.227722772,1.283163691,1.348239613
3,Pons2-1,saline,FOV2,PT,149,10,NaN,1.131319873,1.12965126,1.244036697,1.287072243,0.909394293,0.877690639
3,Pons2-1,psilocybin,FOV2,PT,1,1,NaN,0.520607375,0.423827799,1.087108014,1.036734694,0.478892041,0.408810279
3,Pons2-1,psilocybin,FOV2,PT,12,2,NaN,0.67078258,0.589020524,1.13559322,1.038235294,0.590689137,0.56732855
3,Pons2-1,psilocybin,FOV2,PT,34,3,NaN,1.096278992,0.936092107,1.13080895,1.104330709,0.969464375,0.847655598
3,Pons2-1,psilocybin,FOV2,PT,48,4,NaN,0.760887702,0.697480394,1.098795181,1.082901554,0.692474554,0.644084766
3,Pons2-1,psilocybin,FOV2,PT,62,5,NaN,0.886033706,0.699149007,1.06626506,1.071611253,0.830969464,0.652427832
3,Pons2-1,psilocybin,FOV2,PT,76,6,NaN,1.184715501,0.999499416,1.0906298,1.087114338,1.086267312,0.919405974
3,Pons2-1,psilocybin,FOV2,PT,86,7,NaN,0.951109628,0.91273152,1.11328125,1.074656189,0.854330052,0.849324212
3,Pons2-1,psilocybin,FOV2,PT,97,8,NaN,0.475554814,0.609043885,1.040145985,1.051873199,0.457200067,0.579008844
3,Pons2-1,psilocybin,FOV2,PT,112,9,NaN,0.755881862,0.839312531,1.055944056,1.084051724,0.715835141,0.774236609
3,Pons2-1,psilocybin,FOV2,PT,122,10,NaN,0.737527115,0.513932922,1.07804878,1.051194539,0.684131487,0.488903721
3,Pons2-1,psilocybin,FOV1,PT,1,1,NaN,1.83046888,1.36659436,1.290588235,1.3104,1.418321375,1.042883364
3,Pons2-1,psilocybin,FOV1,PT,22,2,NaN,0.926080427,0.724178208,1.190987124,1.093198992,0.777573836,0.662439513
3,Pons2-1,psilocybin,FOV1,PT,45,3,NaN,1.107959286,0.959452695,1.25047081,1.17107943,0.886033706,0.819289171
3,Pons2-1,psilocybin,FOV1,PT,77,4,NaN,1.032871684,1.181378275,1.135779817,1.164473684,0.909394293,1.014516936
3,Pons2-1,psilocybin,FOV1,PT,95,5,NaN,1.101284832,0.882696479,1.219963031,1.104384134,0.90271984,0.79926581
3,Pons2-1,psilocybin,FOV1,PT,110,6,NaN,1.329884866,1.11963958,1.27929374,1.127731092,1.039546137,0.992824962
3,Pons2-1,psilocybin,FOV1,PT,125,7,NaN,0.90271984,0.932754881,1.221218962,1.150205761,0.739195728,0.810946104
3,Pons2-1,psilocybin,FOV1,PT,137,8,NaN,0.842649758,1.057900884,1.202380952,1.243137255,0.700817621,0.850992825
3,Pons2-1,psilocybin,FOV1,PT,160,9,NaN,1.082930085,1.321541799,1.14059754,1.209160305,0.949441015,1.092941765
3,Pons2-1,psilocybin,FOV1,PT,175,10,NaN,1.156349074,1.022860003,1.411405295,1.35619469,0.819289171,0.754213249
3,Pons2-1,psilocybin,FOV2,PT,1,1,NaN,0.782579676,0.488903721,1.083140878,1.057761733,0.722509595,0.462205907
3,Pons2-1,psilocybin,FOV2,PT,11,2,NaN,1.151343234,0.704154847,1.142384106,1.044554455,1.007842483,0.674119806
3,Pons2-1,psilocybin,FOV2,PT,24,3,NaN,0.664108126,0.447188386,1.047368421,1.046875,0.634073085,0.427165026
3,Pons2-1,psilocybin,FOV2,PT,43,4,NaN,0.492240948,0.475554814,1.06884058,1.063432836,0.460537294,0.447188386
3,Pons2-1,psilocybin,FOV2,PT,61,5,NaN,1.191389955,0.747538795,1.186046512,1.191489362,1.004505256,0.627398632
3,Pons2-1,psilocybin,FOV2,PT,78,6,NaN,0.924411814,0.602369431,1.09270217,1.055555556,0.845986985,0.570665777
3,Pons2-1,psilocybin,FOV2,PT,91,7,NaN,1.36158852,0.979476055,1.089452603,1.071167883,1.249791423,0.914400133
3,Pons2-1,psilocybin,FOV2,PT,104,8,NaN,0.525613215,0.532287669,1.064189189,1.092465753,0.493909561,0.487235108
3,Pons2-1,psilocybin,FOV2,PT,126,9,NaN,0.644084766,0.68079426,1.11884058,1.105691057,0.575671617,0.615718338
3,Pons2-1,psilocybin,FOV2,PT,146,10,NaN,1.042883364,0.889370933,1.153136531,1.17920354,0.904388453,0.754213249
3,Pons2-1,saline,FOV1,PT,1,1,NaN,0.548973803,0.594026364,1.17921147,1.159609121,0.465543134,0.512264308
3,Pons2-1,saline,FOV1,PT,18,2,NaN,0.982813282,0.849324212,1.121904762,1.06263048,0.876022026,0.79926581
3,Pons2-1,saline,FOV1,PT,32,3,NaN,1.176372435,1.054563658,1.215517241,1.138738739,0.967795762,0.926080427
3,Pons2-1,saline,FOV1,PT,46,4,NaN,0.610712498,0.745870182,1.136645963,1.079710145,0.537293509,0.69080594
3,Pons2-1,saline,FOV1,PT,76,5,NaN,0.812614717,0.996162189,1.16507177,1.191616766,0.697480394,0.835975305
3,Pons2-1,saline,FOV1,PT,99,6,NaN,0.749207409,0.845986985,1.103194103,1.090322581,0.679125647,0.775905223
3,Pons2-1,saline,FOV1,PT,118,7,NaN,1.193058568,1.014516936,1.181818182,1.151515152,1.009511096,0.881027866
3,Pons2-1,saline,FOV1,PT,132,8,NaN,0.679125647,0.787585516,1.112021858,1.070294785,0.610712498,0.735858502
3,Pons2-1,saline,FOV2,PT,1,1,NaN,0.447188386,0.589020524,1.022900763,1.089506173,0.437176706,0.540630736
3,Pons2-1,saline,FOV2,PT,23,2,NaN,1.009511096,1.03620891,1.124535316,1.220039293,0.897714,0.849324212
3,Pons2-1,saline,FOV2,PT,44,3,NaN,0.397129985,0.388786918,1.081818182,1.044843049,0.367094944,0.372100784
3,Pons2-1,saline,FOV2,PT,81,4,NaN,0.774236609,0.90772568,1.221052632,1.198237885,0.634073085,0.757550476
3,Pons2-1,saline,FOV2,PT,98,5,NaN,0.957784081,1.163023527,1.173824131,1.150165017,0.815951944,1.01117971
3,Pons2-1,saline,FOV2,PT,117,6,NaN,1.019522777,1.082930085,1.21471173,1.144620811,0.839312531,0.946103788
3,Pons2-1,saline,FOV2,PT,128,7,NaN,0.55231103,0.413816119,1.173758865,1.068965517,0.470548974,0.387118305
3,Pons2-1,saline,FOV2,PT,148,8,NaN,0.797597197,1.097947606,1.059866962,1.078688525,0.752544635,1.017854163
3,Pons2-1,saline,FOV2,PT,161,9,NaN,0.961121308,0.886033706,1.118446602,1.083673469,0.859335892,0.817620557
3,Pons2-1,saline,FOV2,PT,179,10,NaN,0.852661438,0.795928583,1.166666667,1.127659574,0.730852661,0.705823461
4,Pons-3,saline,FOV1,PT,1,1,NaN,0.825963624,1.333222092,1.53250774,1.775555556,0.538962122,0.750876022
4,Pons-3,saline,FOV1,PT,44,2,NaN,1.983981312,2.631403304,1.622100955,1.976190476,1.223093609,1.331553479
4,Pons-3,saline,FOV1,PT,60,3,NaN,0.946103788,0.974470215,1.211538462,1.116634799,0.780911063,0.872684799
4,Pons-3,saline,FOV1,PT,91,4,NaN,0.855998665,0.872684799,1.201405152,1.124731183,0.712497914,0.775905223
4,Pons-3,saline,FOV1,PT,113,5,NaN,0.734189888,0.525613215,1.286549708,1.153846154,0.570665777,0.455531453
4,Pons-3,saline,FOV1,PT,148,6,NaN,1.713665944,1.331553479,1.424410541,1.133522727,1.203070249,1.174703821
4,Pons-3,saline,FOV1,PT,168,7,NaN,0.600700818,0.720840981,1.111111111,1.107692308,0.540630736,0.650759219
4,Pons-3,saline,FOV1,PT,192,8,NaN,1.087935925,1.291506758,1.288537549,1.2384,0.844318371,1.042883364
4,Pons-3,saline,FOV1,PT,218,9,NaN,1.812114133,1.540130152,1.562589928,1.40060698,1.159686301,1.099616219
4,Pons-3,saline,FOV1,PT,238,10,NaN,1.715334557,1.967295178,1.529761905,1.672340426,1.121308193,1.176372435
4,Pons-3,saline,FOV2,PT,1,1,NaN,0.777573836,1.481728683,1.60137457,1.315555556,0.485566494,1.126314033
4,Pons-3,saline,FOV2,PT,36,2,NaN,0.997830803,0.899382613,1.334821429,1.151709402,0.747538795,0.780911063
4,Pons-3,saline,FOV2,PT,67,3,NaN,0.749207409,1.334890706,1.103194103,1.315789474,0.679125647,1.014516936
4,Pons-3,saline,FOV2,PT,83,4,NaN,0.850992825,1.176372435,1.231884058,1.167218543,0.69080594,1.007842483
4,Pons-3,saline,FOV2,PT,111,5,NaN,0.9227432,1.403303854,1.152083333,1.119840213,0.800934423,1.25312865
4,Pons-3,saline,FOV2,PT,128,6,NaN,1.067912565,1.416652762,1.314168378,1.39408867,0.812614717,1.01618555
4,Pons-3,saline,FOV2,PT,152,7,NaN,1.12965126,1.308192892,1.145516074,1.175412294,0.986150509,1.112965126
4,Pons-3,saline,FOV2,PT,167,8,NaN,1.126314033,1.526781245,1.264044944,1.326086957,0.891039546,1.151343234
4,Pons-3,saline,FOV2,PT,189,9,NaN,0.664108126,0.982813282,1.232198142,1.137065637,0.538962122,0.864341732
4,Pons-3,saline,FOV2,PT,209,10,NaN,1.840480561,1.972301018,1.284051222,1.402135231,1.433338895,1.406641081
4,Pons-3,psilocybin,FOV1,PT,1,1,NaN,1.443350576,1.349908226,1.754563895,1.8098434,0.822626397,0.745870182
4,Pons-3,psilocybin,FOV1,PT,38,2,NaN,0.607375271,0.854330052,1.22972973,1.828571429,0.493909561,0.467211747
4,Pons-3,psilocybin,FOV1,PT,52,3,NaN,0.720840981,0.528950442,1.161290323,1.372294372,0.620724178,0.385449691
4,Pons-3,psilocybin,FOV1,PT,86,4,NaN,0.725846821,0.700817621,1.412337662,1.448275862,0.513932922,0.483897881
4,Pons-3,psilocybin,FOV1,PT,109,5,NaN,1.173035208,0.944435174,1.351923077,1.411471322,0.867678959,0.669113966
4,Pons-3,psilocybin,FOV1,PT,135,6,NaN,1.087935925,0.547305189,1.697916667,1.842696629,0.640747539,0.297013182
4,Pons-3,psilocybin,FOV1,PT,183,7,NaN,0.385449691,0.342065743,1.833333333,1.708333333,0.210245286,0.200233606
4,Pons-3,psilocybin,FOV1,PT,208,8,NaN,1.114633739,1.36659436,1.27480916,1.4625,0.874353412,0.934423494
4,Pons-3,psilocybin,FOV1,PT,226,9,NaN,0.840981145,0.697480394,1.115044248,1.247761194,0.754213249,0.558985483
4,Pons-3,psilocybin,FOV1,PT,250,10,NaN,0.622392792,0.547305189,1.412878788,1.525581395,0.440513933,0.358751877
4,Pons-3,psilocybin,FOV2,PT,1,1,NaN,0.632404472,0.702486234,1.348754448,1.202857143,0.46888036,0.584014684
4,Pons-3,psilocybin,FOV2,PT,42,2,NaN,0.604038044,0.754213249,1.837563452,1.661764706,0.328716836,0.45386284
4,Pons-3,psilocybin,FOV2,PT,68,3,NaN,0.986150509,1.221424996,1.519280206,1.316546763,0.649090606,0.927749041
4,Pons-3,psilocybin,FOV2,PT,85,4,NaN,0.498915401,0.774236609,1.533333333,1.605536332,0.32537961,0.482229267
4,Pons-3,psilocybin,FOV2,PT,110,5,NaN,0.35541465,0.645753379,1.521428571,1.339100346,0.233605874,0.482229267
4,Pons-3,psilocybin,FOV2,PT,166,6,NaN,0.473886201,0.757550476,1.441624365,1.923728814,0.328716836,0.393792758
4,Pons-3,psilocybin,FOV2,PT,220,7,NaN,1.540130152,1.174703821,1.559121622,1.330812854,0.987819122,0.882696479
4,Pons-3,psilocybin,FOV2,PT,235,8,NaN,1.204738862,1.570165193,1.357142857,1.468018721,0.887702319,1.069581178
4,Pons-3,psilocybin,FOV2,PT,247,9,NaN,1.193058568,1.086267312,1.505263158,1.35908142,0.792591357,0.79926581
4,Pons-3,psilocybin,FOV2,PT,273,10,NaN,0.951109628,0.834306691,1.570247934,1.312335958,0.605706658,0.635741699
4,Pons-3,psilocybin,FOV1,PT,1,1,NaN,1.173035208,1.198064408,1.076569678,1.1636953,1.089604539,1.029534457
4,Pons-3,psilocybin,FOV1,PT,15,2,NaN,0.857667278,1.11963958,1.187066975,1.224452555,0.722509595,0.914400133
4,Pons-3,psilocybin,FOV1,PT,38,3,NaN,0.6858001,1.193058568,1.230538922,1.399217221,0.55731687,0.852661438
4,Pons-3,psilocybin,FOV1,PT,55,4,NaN,0.512264308,0.834306691,1.715083799,1.831501832,0.298681795,0.455531453
4,Pons-3,psilocybin,FOV1,PT,86,5,NaN,0.488903721,1.388286334,1.279475983,1.899543379,0.382112465,0.730852661
4,Pons-3,psilocybin,FOV1,PT,106,6,NaN,0.377106624,0.921074587,1.248618785,1.769230769,0.302019022,0.520607375
4,Pons-3,psilocybin,FOV1,PT,128,7,NaN,0.700817621,1.193058568,1.135135135,1.48340249,0.617386951,0.80427165
4,Pons-3,psilocybin,FOV1,PT,149,8,NaN,1.722009011,1.640246955,1.617554859,1.521671827,1.064575338,1.077924245
4,Pons-3,psilocybin,FOV1,PT,169,9,NaN,2.559652928,1.727014851,1.725534308,1.443514644,1.483397297,1.196395795
4,Pons-3,psilocybin,FOV1,PT,180,10,NaN,1.044551977,1.094610379,1.429223744,1.515011547,0.730852661,0.722509595
4,Pons-3,psilocybin,FOV2,PT,1,1,NaN,1.024528617,0.984481896,1.444705882,1.446078431,0.709160687,0.68079426
4,Pons-3,psilocybin,FOV2,PT,36,2,NaN,1.685299516,1.381611881,1.389270977,1.248868778,1.213081929,1.106290672
4,Pons-3,psilocybin,FOV2,PT,61,3,NaN,1.096278992,1.114633739,1.493181818,1.145797599,0.734189888,0.972801602
4,Pons-3,psilocybin,FOV2,PT,82,4,NaN,0.999499416,0.871016186,1.35214447,1.186363636,0.739195728,0.734189888
4,Pons-3,psilocybin,FOV2,PT,127,5,NaN,1.93892875,1.526781245,1.638928068,1.384266263,1.183046888,1.102953446
4,Pons-3,psilocybin,FOV2,PT,149,6,NaN,1.436676122,1.705322877,1.371019108,1.29040404,1.047889204,1.321541799
4,Pons-3,psilocybin,FOV2,PT,161,7,NaN,1.3716002,1.301518438,1.207048458,1.12716763,1.136325713,1.154680461
4,Pons-3,psilocybin,FOV2,PT,181,8,NaN,2.045720007,1.807108293,1.524875622,1.322344322,1.341565159,1.36659436
4,Pons-3,psilocybin,FOV2,PT,201,9,NaN,1.695311196,1.441681962,1.468208092,1.156626506,1.154680461,1.246454197
4,Pons-3,psilocybin,FOV2,PT,217,10,NaN,1.378274654,1.661938929,1.332258065,1.412765957,1.034540297,1.176372435
4,Pons-3,saline,FOV1,PT,1,1,NaN,0.842649758,1.198064408,1.311688312,1.354716981,0.642416152,0.884365093
4,Pons-3,saline,FOV1,PT,56,2,NaN,1.01117971,0.91773736,1.361797753,1.300236407,0.742532955,0.705823461
4,Pons-3,saline,FOV1,PT,101,3,NaN,2.362756549,1.905556483,1.890520694,1.712143928,1.249791423,1.112965126
4,Pons-3,saline,FOV1,PT,140,4,NaN,1.114633739,1.136325713,1.292069632,1.474025974,0.862673119,0.770899383
4,Pons-3,saline,FOV1,PT,163,5,NaN,1.373268814,1.26314033,1.355848435,1.318815331,1.012848323,0.957784081
4,Pons-3,saline,FOV1,PT,184,6,NaN,1.733689304,1.798765226,1.238379023,1.420289855,1.399966628,1.266477557
4,Pons-3,saline,FOV1,PT,199,7,NaN,2.059068914,2.095778408,1.582051282,1.482880756,1.301518438,1.413315535
4,Pons-3,saline,FOV1,PT,218,8,NaN,1.24311697,1.668613382,1.316254417,1.45137881,0.944435174,1.14967462
4,Pons-3,saline,FOV1,PT,231,9,NaN,1.48006007,1.962289338,1.231944444,1.509627728,1.201401635,1.299849825
4,Pons-3,saline,FOV1,PT,244,10,NaN,1.436676122,1.338227933,1.540250447,1.357021997,0.932754881,0.986150509
4,Pons-3,saline,FOV2,PT,1,1,NaN,2.648089438,2.489571166,2.039845758,1.907928389,1.298181211,1.304855665
4,Pons-3,saline,FOV2,PT,18,2,NaN,1.852160854,1.895544802,1.686930091,1.651162791,1.097947606,1.148006007
4,Pons-3,saline,FOV2,PT,47,3,NaN,1.555147672,1.344902386,1.64084507,1.529411765,0.947772401,0.879359252
4,Pons-3,saline,FOV2,PT,73,4,NaN,1.600200234,1.198064408,1.379856115,1.17512275,1.159686301,1.019522777
4,Pons-3,saline,FOV2,PT,84,5,NaN,0.46387452,0.525613215,1.494623656,1.666666667,0.310362089,0.315367929
4,Pons-3,saline,FOV2,PT,123,6,NaN,1.126314033,0.964458535,1.310679612,1.105162524,0.859335892,0.872684799
4,Pons-3,saline,FOV2,PT,133,7,NaN,1.14967462,0.847655598,1.304924242,1.104347826,0.881027866,0.767562156
4,Pons-3,saline,FOV2,PT,153,8,NaN,1.173035208,0.67078258,1.623556582,1.225609756,0.722509595,0.547305189
4,Pons-3,saline,FOV2,PT,171,9,NaN,1.23811113,0.842649758,1.416030534,1.139954853,0.874353412,0.739195728
4,Pons-3,saline,FOV2,PT,190,10,NaN,0.882696479,0.477223427,1.560471976,1.217021277,0.565659937,0.392124145
5,STR-1,psilocybin,FOV1,IT,1,1,NaN,1.293175371,1.00617387,1.129737609,1.129213483,1.14466878,0.891039546
5,STR-1,psilocybin,FOV1,IT,38,2,NaN,1.211413316,0.947772401,1.14511041,1.071698113,1.057900884,0.884365093
5,STR-1,psilocybin,FOV1,IT,92,3,NaN,1.573502419,0.896045386,1.108108108,1.185430464,1.419989988,0.755881862
5,STR-1,psilocybin,FOV1,IT,115,4,NaN,0.901051226,0.876022026,1.040462428,1.037549407,0.866010345,0.844318371
5,STR-1,psilocybin,FOV1,IT,158,5,NaN,0.715835141,0.977807442,1.131926121,1.174348697,0.632404472,0.832638078
5,STR-1,psilocybin,FOV1,IT,182,6,NaN,1.411646921,1.057900884,1.347133758,1.315352697,1.047889204,0.80427165
5,STR-1,psilocybin,FOV1,IT,222,7,NaN,1.029534457,0.727515435,1.123861566,1.079207921,0.916068747,0.674119806
5,STR-1,psilocybin,FOV1,IT,244,8,NaN,0.498915401,0.480560654,1.027491409,1.017667845,0.485566494,0.472217587
5,STR-1,psilocybin,FOV1,IT,266,9,NaN,0.937760721,0.832638078,1.060377358,1.068522484,0.884365093,0.77924245
5,STR-1,psilocybin,FOV1,IT,283,10,NaN,1.780410479,1.131319873,1.335419274,1.212880143,1.333222092,0.932754881
5,STR-1,psilocybin,FOV2,IT,1,1,NaN,1.60353746,1.00617387,1.773062731,1.643051771,0.904388453,0.612381111
5,STR-1,psilocybin,FOV2,IT,58,2,NaN,2.361087936,1.555147672,2.2074883,1.795761079,1.069581178,0.866010345
5,STR-1,psilocybin,FOV2,IT,105,3,NaN,1.094610379,1.047889204,1.863636364,1.648293963,0.587351911,0.635741699
5,STR-1,psilocybin,FOV2,IT,127,4,NaN,2.588019356,1.203070249,2.485576923,1.716666667,1.041214751,0.700817621
5,STR-1,psilocybin,FOV2,IT,146,5,NaN,1.58851994,1.114633739,2.029850746,1.582938389,0.782579676,0.704154847
5,STR-1,psilocybin,FOV2,IT,163,6,NaN,2.242616386,2.881695311,2.34965035,2.327493261,0.954446855,1.23811113
5,STR-1,psilocybin,FOV2,IT,189,7,NaN,2.813282163,2.399466044,2.260053619,2.06017192,1.244785583,1.164692141
5,STR-1,psilocybin,FOV2,IT,215,8,NaN,0.720840981,0.894376773,1.301204819,1.484764543,0.553979643,0.602369431
5,STR-1,psilocybin,FOV2,IT,232,9,NaN,2.774904055,1.670281996,2.818644068,1.850277264,0.984481896,0.90271984
5,STR-1,psilocybin,FOV2,IT,247,10,NaN,3.669280828,1.873852828,3,1.956445993,1.223093609,0.957784081
5,STR-1,saline,FOV1,IT,1,1,NaN,1.294843985,0.840981145,1.156482861,1.047817048,1.11963958,0.802603037
5,STR-1,saline,FOV1,IT,39,2,NaN,1.645252795,1.196395795,1.238693467,1.138095238,1.328216252,1.051226431
5,STR-1,saline,FOV1,IT,57,3,NaN,1.426664442,0.752544635,1.361464968,1.086746988,1.047889204,0.692474554
5,STR-1,saline,FOV1,IT,84,4,NaN,1.957283497,1.24311697,1.261290323,1.221311475,1.551810446,1.017854163
5,STR-1,saline,FOV1,IT,114,5,NaN,1.585182713,1.209744702,1.312154696,1.176948052,1.208076089,1.027865843
5,STR-1,saline,FOV1,IT,135,6,NaN,2.351076256,1.91890539,1.280909091,1.277777778,1.835474721,1.501752044
5,STR-1,saline,FOV1,IT,152,7,NaN,0.795928583,0.820957784,1.094036697,1.027139875,0.727515435,0.79926581
5,STR-1,saline,FOV1,IT,181,8,NaN,0.747538795,0.787585516,1.24099723,1.051224944,0.602369431,0.749207409
5,STR-1,saline,FOV1,IT,203,9,NaN,1.840480561,1.963957951,1.293083236,1.378220141,1.423327215,1.424995828
5,STR-1,saline,FOV1,IT,227,10,NaN,0.847655598,1.987318538,1.064989518,1.29175705,0.795928583,1.538461538
5,STR-1,saline,FOV2,IT,1,1,NaN,1.57850826,1.940597364,1.288828338,1.239872068,1.224762223,1.565159353
5,STR-1,saline,FOV2,IT,32,2,NaN,2.688136159,2.829968296,2.018796992,2,1.331553479,1.414984148
5,STR-1,saline,FOV2,IT,61,3,NaN,1.605206074,1.418321375,1.622259696,1.480836237,0.989487736,0.957784081
5,STR-1,saline,FOV2,IT,82,4,NaN,2.379442683,1.827131654,2.26709062,2.077798861,1.049557817,0.879359252
5,STR-1,saline,FOV2,IT,106,5,NaN,0.639078925,0.520607375,1.185758514,1.142857143,0.538962122,0.455531453
5,STR-1,saline,FOV2,IT,138,6,NaN,0.555648256,0.881027866,1.393305439,1.216589862,0.398798598,0.724178208
5,STR-1,saline,FOV2,IT,162,7,NaN,0.338728517,0.68079426,1.45,1.446808511,0.233605874,0.470548974
5,STR-1,saline,FOV2,IT,195,8,NaN,2.96012014,2.664775572,1.592459605,1.66008316,1.858835308,1.605206074
5,STR-1,saline,FOV2,IT,215,9,NaN,0.919405974,1.12965126,1.861486486,1.401656315,0.493909561,0.805940264
5,STR-1,saline,FOV2,IT,249,10,NaN,2.94510262,2.539629568,2.328496042,1.862913097,1.264808944,1.363257133
5,STR-1,saline,FOV1,IT,1,1,NaN,1.443350576,1.306524278,2.363387978,2.344311377,0.610712498,0.55731687
5,STR-1,saline,FOV1,IT,42,2,NaN,0.91773736,0.899382613,1.371571072,1.773026316,0.669113966,0.507258468
5,STR-1,saline,FOV1,IT,71,3,NaN,0.56232271,0.602369431,1.225454545,1.219594595,0.45886868,0.493909561
5,STR-1,saline,FOV1,IT,94,4,NaN,2.044051393,1.548473219,1.142723881,1.123486683,1.788753546,1.378274654
5,STR-1,saline,FOV1,IT,133,5,NaN,0.6858001,0.587351911,1.201754386,1.165562914,0.570665777,0.503921241
5,STR-1,saline,FOV1,IT,174,6,NaN,1.591857167,1.436676122,1.8,1.529307282,0.884365093,0.939429334
5,STR-1,saline,FOV1,IT,194,7,NaN,1.239779743,1.081261472,1.404536862,1.14893617,0.882696479,0.941097948
5,STR-1,saline,FOV1,IT,214,8,NaN,1.403303854,1.388286334,1.534671533,1.581749049,0.914400133,0.877690639
5,STR-1,saline,FOV1,IT,230,9,NaN,5.382946771,4.703821125,1.326480263,1.252332297,4.058067746,3.756048724
5,STR-1,saline,FOV1,IT,247,10,NaN,0.642416152,0.32537961,1.206896552,1.13372093,0.532287669,0.287001502
5,STR-1,saline,FOV2,IT,1,1,NaN,0.725846821,0.69581178,1.124031008,1.212209302,0.645753379,0.574003004
5,STR-1,saline,FOV2,IT,31,2,NaN,0.976138829,0.939429334,1.236786469,1.397022333,0.78925413,0.672451193
5,STR-1,saline,FOV2,IT,64,3,NaN,1.198064408,2.244284999,1.244367418,1.399583767,0.962789922,1.60353746
5,STR-1,saline,FOV2,IT,87,4,NaN,1.324879026,1.254797263,1.364261168,1.342857143,0.971132988,0.934423494
5,STR-1,saline,FOV2,IT,104,5,NaN,1.046220591,0.999499416,1.137931034,1.117537313,0.919405974,0.894376773
5,STR-1,saline,FOV2,IT,128,6,NaN,1.364925747,0.89270816,1.197657394,1.183628319,1.13966294,0.754213249
5,STR-1,saline,FOV2,IT,147,7,NaN,0.989487736,1.418321375,1.078181818,1.162790698,0.91773736,1.219756382
5,STR-1,saline,FOV2,IT,163,8,NaN,1.399966628,1.888870349,1.230205279,1.259176863,1.137994327,1.500083431
5,STR-1,saline,FOV2,IT,183,9,NaN,0.595694977,0.585683297,1.098461538,1.13592233,0.542299349,0.515601535
5,STR-1,saline,FOV2,IT,210,10,NaN,1.079592858,1.448356416,1.111683849,1.229461756,0.971132988,1.178041048
5,STR-1,psilocybin,FOV2,IT,1,1,NaN,2.139162356,2.069080594,1.868804665,1.673414305,1.14466878,1.236442516
5,STR-1,psilocybin,FOV2,IT,20,2,NaN,1.506757884,1.087935925,1.567708333,1.417391304,0.961121308,0.767562156
5,STR-1,psilocybin,FOV2,IT,58,3,NaN,1.641915568,1.535124312,1.247148289,1.225033289,1.316535959,1.25312865
5,STR-1,psilocybin,FOV2,IT,75,4,NaN,1.223093609,0.982813282,1.221666667,1.141472868,1.001168029,0.861004505
5,STR-1,psilocybin,FOV2,IT,98,5,NaN,0.91773736,0.896045386,1.300236407,1.237327189,0.705823461,0.724178208
5,STR-1,psilocybin,FOV2,IT,121,6,NaN,0.936092107,0.664108126,1.269230769,1.028423773,0.737527115,0.645753379
5,STR-1,psilocybin,FOV2,IT,134,7,NaN,0.625730018,0.512264308,1.136363636,1.009868421,0.550642416,0.507258468
5,STR-1,psilocybin,FOV2,IT,157,8,NaN,1.096278992,1.029534457,1.25862069,1.095914742,0.871016186,0.939429334
5,STR-1,psilocybin,FOV2,IT,173,9,NaN,0.625730018,0.508927082,1.179245283,1.15530303,0.530619056,0.440513933
5,STR-1,psilocybin,FOV2,IT,190,10,NaN,0.824295011,0.837643918,1.1678487,1.138321995,0.705823461,0.735858502
5,STR-1,psilocybin,FOV3,IT,1,1,NaN,0.77924245,0.560654096,1.179292929,1.030674847,0.660770899,0.543967963
5,STR-1,psilocybin,FOV3,IT,34,2,NaN,1.513432338,1.510095111,1.395384615,1.319241983,1.084598698,1.14466878
5,STR-1,psilocybin,FOV3,IT,70,3,NaN,1.47004839,1.354914066,1.265804598,1.232169954,1.161354914,1.099616219
5,STR-1,psilocybin,FOV3,IT,91,4,NaN,1.827131654,1.401635241,1.540084388,1.35483871,1.186384115,1.034540297
5,STR-1,psilocybin,FOV3,IT,107,5,NaN,0.859335892,0.996162189,1.45480226,1.275641026,0.590689137,0.780911063
5,STR-1,psilocybin,FOV3,IT,129,6,NaN,0.452194227,0.495578175,1.278301887,1.08,0.353746037,0.45886868
5,STR-1,psilocybin,FOV3,IT,149,7,NaN,1.440013349,1.344902386,1.424092409,1.251552795,1.01117971,1.074587018
5,STR-1,psilocybin,FOV3,IT,167,8,NaN,1.530118472,1.491740364,1.20499343,1.318584071,1.269814784,1.131319873
5,STR-1,psilocybin,FOV3,IT,182,9,NaN,0.760887702,0.775905223,1.134328358,1.091549296,0.67078258,0.710829301
5,STR-1,psilocybin,FOV3,IT,200,10,NaN,0.732521275,0.981144669,1.131443299,1.099065421,0.647421992,0.89270816
6,STR2-2,psilocybin,FOV2,IT,1,1,NaN,0.46387452,0.579008844,1.172995781,1.074303406,0.395461372,0.538962122
6,STR2-2,psilocybin,FOV2,IT,36,2,NaN,0.654096446,0.812614717,1.213622291,1.089485459,0.538962122,0.745870182
6,STR2-2,psilocybin,FOV2,IT,54,3,NaN,1.051226431,1.306524278,1.120996441,1.144736842,0.937760721,1.141331553
6,STR2-2,psilocybin,FOV2,IT,70,4,NaN,0.428833639,0.473886201,1.053278689,1.149797571,0.407141665,0.412147505
6,STR2-2,psilocybin,FOV2,IT,97,5,NaN,1.066243951,0.874353412,1.153429603,1.161862528,0.924411814,0.752544635
6,STR2-2,psilocybin,FOV2,IT,135,6,NaN,0.295344569,0.393792758,1.113207547,1.118483412,0.265309528,0.352077424
6,STR2-2,psilocybin,FOV2,IT,163,7,NaN,0.265309528,0.388786918,1.135714286,1.147783251,0.233605874,0.338728517
6,STR2-2,psilocybin,FOV2,IT,194,8,NaN,0.46387452,0.677457033,1.069230769,1.091397849,0.433839479,0.620724178
6,STR2-2,psilocybin,FOV2,IT,212,9,NaN,0.787585516,0.936092107,1.118483412,1.076775432,0.704154847,0.869347572
6,STR2-2,psilocybin,FOV2,IT,230,10,NaN,0.649090606,1.032871684,1.068681319,1.150557621,0.607375271,0.897714
6,STR2-2,saline,FOV1,IT,1,1,NaN,1.765392958,1.460036709,1.277777778,1.223776224,1.381611881,1.193058568
6,STR2-2,saline,FOV1,IT,24,2,NaN,2.701485066,2.197563824,1.435283688,1.387776607,1.882195895,1.5835141
6,STR2-2,saline,FOV1,IT,39,3,NaN,2.446187218,1.3716002,1.313620072,1.323671498,1.862172535,1.03620891
6,STR2-2,saline,FOV1,IT,62,4,NaN,1.148006007,1.002836643,1.06501548,1.080935252,1.077924245,0.927749041
6,STR2-2,saline,FOV1,IT,82,5,NaN,2.327715668,1.595194393,1.181202371,1.183168317,1.970632404,1.348239613
6,STR2-2,saline,FOV1,IT,102,6,NaN,1.686968129,1.396629401,1.196449704,1.123489933,1.409978308,1.24311697
6,STR2-2,saline,FOV1,IT,115,7,NaN,1.980644085,1.618554981,1.386682243,1.203473945,1.428333055,1.344902386
6,STR2-2,saline,FOV1,IT,127,8,NaN,2.207575505,1.681962289,1.425646552,1.315926893,1.548473219,1.278157851
6,STR2-2,saline,FOV1,IT,141,9,NaN,2.379442683,1.908893709,1.560175055,1.400244798,1.525112631,1.363257133
6,STR2-2,saline,FOV1,IT,158,10,NaN,2.367762389,2.299349241,1.473520249,1.414784394,1.606874687,1.625229434
6,STR2-2,saline,FOV2,IT,1,1,NaN,2.060737527,1.840480561,1.358635864,1.287047841,1.516769564,1.430001669
6,STR2-2,saline,FOV2,IT,55,2,NaN,1.908893709,1.985649925,1.347467609,1.349206349,1.416652762,1.471717003
6,STR2-2,saline,FOV2,IT,70,3,NaN,1.419989988,1.107959286,1.525089606,1.355102041,0.931086267,0.817620557
6,STR2-2,saline,FOV2,IT,113,4,NaN,1.783747706,1.720340397,1.339598997,1.393243243,1.331553479,1.234773903
6,STR2-2,saline,FOV2,IT,131,5,NaN,1.214750542,1.354914066,1.176090468,1.176811594,1.032871684,1.151343234
6,STR2-2,saline,FOV2,IT,145,6,NaN,1.311530118,1.25312865,1.145772595,1.155384615,1.14466878,1.084598698
6,STR2-2,saline,FOV2,IT,161,7,NaN,0.976138829,1.039546137,1.105860113,1.124548736,0.882696479,0.924411814
6,STR2-2,saline,FOV2,IT,186,8,NaN,0.55731687,0.755881862,1.084415584,1.110294118,0.513932922,0.68079426
6,STR2-2,saline,FOV2,IT,207,9,NaN,0.866010345,1.349908226,1.090336134,1.218373494,0.79425997,1.107959286
6,STR2-2,saline,FOV2,IT,223,10,NaN,1.072918405,1.091273152,1.097269625,1.068627451,0.977807442,1.02119139
6,STR2-2,saline,FOV1,IT,1,1,NaN,0.722509595,0.687468713,1.151595745,1.131868132,0.627398632,0.607375271
6,STR2-2,saline,FOV1,IT,21,2,NaN,1.12464542,1.36659436,1.404166667,1.429319372,0.800934423,0.956115468
6,STR2-2,saline,FOV1,IT,46,3,NaN,0.692474554,0.333722676,1.050632911,1.058201058,0.659102286,0.315367929
6,STR2-2,saline,FOV1,IT,77,4,NaN,0.528950442,0.657433673,1.174074074,1.119318182,0.450525613,0.587351911
6,STR2-2,saline,FOV1,IT,112,5,NaN,0.55731687,0.532287669,1.67839196,1.340336134,0.332054063,0.397129985
6,STR2-2,saline,FOV1,IT,145,6,NaN,0.353746037,0.398798598,1.308641975,1.106481481,0.270315368,0.360420491
6,STR2-2,saline,FOV1,IT,191,7,NaN,0.56232271,0.563991323,1.225454545,1.093851133,0.45886868,0.515601535
6,STR2-2,saline,FOV1,IT,209,8,NaN,0.879359252,0.785916903,1.467966574,1.449230769,0.599032204,0.542299349
6,STR2-2,saline,FOV1,IT,262,9,NaN,1.837143334,1.635241115,1.542016807,1.426491994,1.191389955,1.146337394
6,STR2-2,saline,FOV1,IT,277,10,NaN,0.774236609,0.737527115,1.183673469,1.175531915,0.654096446,0.627398632
6,STR2-2,saline,FOV2,IT,1,1,NaN,0.342065743,0.43884532,1.433566434,1.341836735,0.238611714,0.327048223
6,STR2-2,saline,FOV2,IT,52,2,NaN,3.038544969,3.113632571,1.637589928,1.601716738,1.855498081,1.94393459
6,STR2-2,saline,FOV2,IT,76,3,NaN,0.657433673,0.639078925,1.35862069,1.473076923,0.483897881,0.433839479
6,STR2-2,saline,FOV2,IT,124,4,NaN,2.928416486,2.873352244,1.634078212,1.541629364,1.792090773,1.863841148
6,STR2-2,saline,FOV2,IT,143,5,NaN,0.692474554,0.777573836,1.217008798,1.204134367,0.568997163,0.645753379
6,STR2-2,saline,FOV2,IT,193,6,NaN,1.291506758,1.179709661,1.599173554,1.391732283,0.807608877,0.847655598
6,STR2-2,saline,FOV2,IT,243,7,NaN,0.587351911,0.822626397,1.197278912,1.311170213,0.490572334,0.627398632
6,STR2-2,saline,FOV2,IT,285,8,NaN,1.496746204,1.231436676,1.512647555,1.215815486,0.989487736,1.012848323
6,STR2-2,saline,FOV2,IT,302,9,NaN,1.24812281,1.309861505,1.191082803,1.209553159,1.047889204,1.082930085
6,STR2-2,saline,FOV2,IT,318,10,NaN,0.874353412,0.91773736,1.043824701,1.076320939,0.837643918,0.852661438
6,STR2-2,psilocybin,FOV1,IT,1,1,NaN,1.052895044,1.456699483,1.325630252,1.403536977,0.79425997,1.037877524
6,STR2-2,psilocybin,FOV1,IT,55,2,NaN,0.981144669,1.414984148,1.204918033,1.220143885,0.814283331,1.159686301
6,STR2-2,psilocybin,FOV1,IT,75,3,NaN,0.832638078,0.599032204,1.155092593,1.128930818,0.720840981,0.530619056
6,STR2-2,psilocybin,FOV1,IT,135,4,NaN,1.516769564,1.181378275,1.334801762,1.202037351,1.136325713,0.982813282
6,STR2-2,psilocybin,FOV1,IT,149,5,NaN,0.542299349,0.765893542,1.160714286,1.06744186,0.467211747,0.717503754
7,STR2,psilocybin,FOV1,IT,1,1,NaN,2.232604705,2.469547806,1.879213483,1.778846154,1.188052728,1.388286334
7,STR2,psilocybin,FOV1,IT,21,2,NaN,2.202569665,2.502920073,1.771812081,1.82038835,1.24311697,1.374937427
7,STR2,psilocybin,FOV1,IT,44,3,NaN,1.36659436,2.05239446,1.536585366,1.757142857,0.889370933,1.168029368
7,STR2,psilocybin,FOV1,IT,80,4,NaN,0.929417654,1.24311697,1.307511737,1.147919877,0.710829301,1.082930085
7,STR2,psilocybin,FOV1,IT,108,5,NaN,1.508426498,1.685299516,1.891213389,1.457431457,0.797597197,1.156349074
7,STR2,psilocybin,FOV1,IT,177,6,NaN,3.113632571,2.51626898,2.010775862,1.45982575,1.548473219,1.723677624
7,STR2,psilocybin,FOV1,IT,213,7,NaN,3.947939262,3.682629735,2.436663234,2.224798387,1.620223594,1.655264475
7,STR2,psilocybin,FOV1,IT,232,8,NaN,1.975638245,2.112464542,1.465346535,1.389681668,1.348239613,1.520106791
7,STR2,psilocybin,FOV1,IT,248,9,NaN,1.411646921,1.633572501,1.466204506,1.441826215,0.962789922,1.132988487
7,STR2,psilocybin,FOV1,IT,273,10,NaN,2.584682129,2.304355081,1.859543818,1.580091533,1.389954947,1.458368096
7,STR2,psilocybin,FOV2,IT,1,1,NaN,3.4039713,3.262139162,1.605035405,1.84260132,2.120807609,1.770398799
7,STR2,psilocybin,FOV2,IT,28,2,NaN,2.875020858,3.003504088,1.421617162,1.614349776,2.022359419,1.860503921
7,STR2,psilocybin,FOV2,IT,55,3,NaN,3.607542132,3.62589688,2.062977099,2.199392713,1.748706825,1.648590022
7,STR2,psilocybin,FOV2,IT,78,4,NaN,4.163190389,4.929083931,1.765746638,2.105488239,2.357750709,2.341064575
7,STR2,psilocybin,FOV2,IT,95,5,NaN,3.065242783,3.263807776,1.802747792,1.758992806,1.700317037,1.855498081
7,STR2,psilocybin,FOV2,IT,118,6,NaN,3.075254464,3.559152344,2.135573581,2.231171548,1.440013349,1.595194393
7,STR2,psilocybin,FOV2,IT,140,7,NaN,3.53245453,2.980143501,1.745259687,1.662942272,2.024028033,1.792090773
7,STR2,psilocybin,FOV2,IT,156,8,NaN,2.688136159,2.768229601,1.664256198,1.675757576,1.615217754,1.651927248
7,STR2,psilocybin,FOV2,IT,176,9,NaN,2.923410646,3.130318705,1.662239089,1.781576448,1.758718505,1.757049892
7,STR2,psilocybin,FOV2,IT,188,10,NaN,3.470715835,4.521942266,1.875563571,1.988261189,1.850492241,2.27432004
7,STR2,psilocybin,FOV1,IT,1,1,NaN,5.491406641,4.054730519,1.80230011,2.011589404,3.046888036,2.015684966
7,STR2,psilocybin,FOV1,IT,39,2,NaN,2.055731687,1.591857167,1.417721519,1.227799228,1.450025029,1.296512598
7,STR2,psilocybin,FOV1,IT,57,3,NaN,2.114133155,1.511763724,1.466435185,1.170542636,1.441681962,1.291506758
7,STR2,psilocybin,FOV1,IT,71,4,NaN,2.576339062,2.072417821,1.49178744,1.363336992,1.727014851,1.520106791
7,STR2,psilocybin,FOV1,IT,87,5,NaN,4.793926247,2.200901051,2.919715447,1.575866189,1.641915568,1.396629401
7,STR2,psilocybin,FOV1,IT,105,6,NaN,1.930585683,1.421658602,1.460858586,1.213675214,1.321541799,1.171366594
7,STR2,psilocybin,FOV1,IT,157,7,NaN,2.588019356,2.457867512,1.651757188,1.563694268,1.566827966,1.571833806
7,STR2,psilocybin,FOV1,IT,172,8,NaN,5.568162857,2.920073419,3.187201528,1.910480349,1.747038211,1.528449858
7,STR2,psilocybin,FOV1,IT,189,9,NaN,4.181545136,3.824461872,2.364150943,2.477837838,1.768730185,1.543467379
7,STR2,psilocybin,FOV1,IT,203,10,NaN,3.540797597,2.257633906,2.107249255,1.614558473,1.680293676,1.398298014
7,STR2,psilocybin,FOV2,IT,1,1,NaN,1.848823628,2.361087936,1.341404358,1.455761317,1.378274654,1.621892208
7,STR2,psilocybin,FOV2,IT,21,2,NaN,2.467879192,3.939596196,1.52004111,2.005947324,1.623560821,1.963957951
7,STR2,psilocybin,FOV2,IT,32,3,NaN,2.107458702,2.090772568,1.404894327,1.366412214,1.500083431,1.530118472
7,STR2,psilocybin,FOV2,IT,52,4,NaN,2.441181378,2.070749207,1.40403071,1.360745614,1.738695144,1.521775405
7,STR2,psilocybin,FOV2,IT,69,5,NaN,2.816619389,2.646420824,1.931350114,1.915458937,1.458368096,1.381611881
7,STR2,psilocybin,FOV2,IT,88,6,NaN,3.879526114,3.560820958,2.452531646,2.166497462,1.581845486,1.643584182
7,STR2,psilocybin,FOV2,IT,102,7,NaN,3.033539129,3.63590856,1.81981982,2.151036525,1.666944769,1.690305356
7,STR2,psilocybin,FOV2,IT,120,8,NaN,2.341064575,3.564158185,1.698547215,2.12749004,1.378274654,1.675287836
7,STR2,psilocybin,FOV2,IT,136,9,NaN,1.409978308,1.488403137,1.186797753,1.242339833,1.188052728,1.198064408
7,STR2,psilocybin,FOV2,IT,151,10,NaN,3.957950943,3.347238445,2.172161172,2.248878924,1.822125813,1.488403137
8,STR-4,saline,FOV2,IT,1,1,NaN,1.251460037,1.216419156,1.341681574,1.401923077,0.932754881,0.867678959
8,STR-4,saline,FOV2,IT,26,2,NaN,1.752044051,1.753712665,1.226635514,1.178251121,1.428333055,1.488403137
8,STR-4,saline,FOV2,IT,73,3,NaN,1.553479059,1.456699483,1.355167394,1.357698289,1.146337394,1.072918405
8,STR-4,saline,FOV2,IT,103,4,NaN,1.3716002,1.541798765,1.226865672,1.253731343,1.117970966,1.229768063
8,STR-4,saline,FOV2,IT,132,5,NaN,2.484565326,2.821625229,1.60972973,1.737923947,1.543467379,1.623560821
8,STR-4,saline,FOV2,IT,154,6,NaN,0.937760721,1.034540297,1.341288783,1.402714932,0.699149007,0.737527115
8,STR-4,saline,FOV2,IT,183,7,NaN,1.767061572,2.109127315,1.384313725,1.483568075,1.276489237,1.421658602
8,STR-4,saline,FOV2,IT,202,8,NaN,1.358251293,1.47004839,1.845804989,1.772635815,0.735858502,0.829300851
8,STR-4,saline,FOV2,IT,221,9,NaN,1.907225096,2.200901051,1.987826087,2.176567657,0.959452695,1.01117971
8,STR-4,saline,FOV2,IT,233,10,NaN,2.990155181,2.711496746,2.161640531,2.051767677,1.383280494,1.321541799
